Model,Accuracy,Precision,Recall,F1 Score,ROC-AUC
Logistic Regression,0.9063627039010026,0.0,0.0,0.0,0.5
Decision Tree,0.9078847235549086,0.507367072389494,0.5597173144876325,0.5322580645161291,0.7517857919132573
Random Forest,0.9556959931178242,1.0,0.5268551236749116,0.6901180282342051,0.7634275618374557
Gradient Boosting,0.9556959931178242,1.0,0.5268551236749116,0.6901180282342051,0.7634275618374557
MLP Classifier,0.9063627039010026,0.0,0.0,0.0,0.5
